{
  "noviembre 2023": {
    "puntoIndice": 65.5115,
    "dec483": 118478,
    "dec483Piso": 109912,
    "sumaFija": 0,
    "adicionalEspecial": 77000,
    "fonid": 32900,
    "conectividad": 24500,
    "adicionalExtendida": 46146,
    "mdm0_60": 114506,
    "mdm0_60Piso": 109876,
    "mdm70_120": 141888,
    "mdm70_120Piso": 136160,
    "salarioMinimo": 449020,
    "salarioMinimoPiso": 353836,
    "salarioMinimoPisoJS": 134395,
    "valorUMAF": 182.3673393
  },
  "diciembre 2023": {
    "puntoIndice": 76.7499,
    "dec483": 157538,
    "dec483Piso": 147690,
    "sumaFija": 0,
    "adicionalEspecial": 77000,
    "fonid": 32900,
    "conectividad": 24500,
    "adicionalExtendida": 54062,
    "mdm0_60": 134148,
    "mdm0_60Piso": 128724,
    "mdm70_120": 166228,
    "mdm70_120Piso": 159518,
    "salarioMinimo": 543030,
    "salarioMinimoPiso": 431518,
    "salarioMinimoPisoJS": 165941,
    "valorUMAF": 182.3673393
  },
  "enero 2024": {
    "puntoIndice": 84.4249,
    "dec483": 187814,
    "dec483Piso": 176980,
    "sumaFija": 0,
    "adicionalEspecial": 77000,
    "fonid": 32900,
    "conectividad": 24500,
    "adicionalExtendida": 59469,
    "mdm0_60": 147564,
    "mdm0_60Piso": 141598,
    "mdm70_120": 182852,
    "mdm70_120Piso": 175470,
    "salarioMinimo": 609052,
    "salarioMinimoPiso": 486388,
    "salarioMinimoPisoJS": 188395,
    "valorUMAF": 340.4190394
  },
  "febrero 2024": {
    "puntoIndice": 96.7049,
    "dec483": 232840,
    "dec483Piso": 220430,
    "sumaFija": 25000,
    "adicionalEspecial": 77000,
    "fonid": 32900,
    "conectividad": 24500,
    "adicionalExtendida": 68119,
    "mdm0_60": 169028,
    "mdm0_60Piso": 162194,
    "mdm70_120": 209450,
    "mdm70_120Piso": 200994,
    "salarioMinimo": 711932,
    "salarioMinimoPiso": 571425,
    "salarioMinimoPisoJS": 222943,
    "valorUMAF": 340.4190394
  },
  "marzo 2024": {
    "puntoIndice": 107.4499,
    "dec483": 268254,
    "dec483Piso": 254466,
    "sumaFija": 32900,
    "adicionalEspecial": 77000,
    "fonid": 0,
    "conectividad": 24500,
    "adicionalExtendida": 75688,
    "mdm0_60": 187810,
    "mdm0_60Piso": 180216,
    "mdm70_120": 232722,
    "mdm70_120Piso": 223328,
    "salarioMinimo": 798738,
    "salarioMinimoPiso": 642618,
    "salarioMinimoPisoJS": 251565,
    "valorUMAF": 340.4190394
  },
  "abril 2024": {
    "puntoIndice": 118.1949,
    "dec483": 304622,
    "dec483Piso": 289456,
    "sumaFija": 40000,
    "adicionalEspecial": 77000,
    "fonid": 0,
    "conectividad": 14800,
    "adicionalExtendida": 83257,
    "mdm0_60": 206592,
    "mdm0_60Piso": 198238,
    "mdm70_120": 255996,
    "mdm70_120Piso": 245662,
    "salarioMinimo": 886312,
    "salarioMinimoPiso": 714580,
    "salarioMinimoPisoJS": 280572,
    "valorUMAF": 340.4190394
  },
  "mayo 2024": {
    "puntoIndice": 124.642,
    "dec483": 326444,
    "dec483Piso": 310450,
    "sumaFija": 50000,
    "adicionalEspecial": 77000,
    "fonid": 0,
    "conectividad": 7400,
    "adicionalExtendida": 87800,
    "mdm0_60": 217862,
    "mdm0_60Piso": 209052,
    "mdm70_120": 269960,
    "mdm70_120Piso": 259062,
    "salarioMinimo": 938858,
    "salarioMinimoPiso": 757758,
    "salarioMinimoPisoJS": 297976,
    "valorUMAF": 340.4190394
  },
  "junio 2024": {
    "puntoIndice": 128.94,
    "dec483": 340992,
    "dec483Piso": 324446,
    "sumaFija": 55000,
    "adicionalEspecial": 77000,
    "fonid": 0,
    "conectividad": 5000,
    "adicionalExtendida": 90828,
    "mdm0_60": 225376,
    "mdm0_60Piso": 216262,
    "mdm70_120": 279270,
    "mdm70_120Piso": 267996,
    "salarioMinimo": 973888,
    "salarioMinimoPiso": 786543,
    "salarioMinimoPisoJS": 309579,
    "valorUMAF": 340.4190394
  },
  "julio 2024": {
    "puntoIndice": 134.3125,
    "dec483": 359176,
    "dec483Piso": 341942,
    "sumaFija": 55000,
    "adicionalEspecial": 77000,
    "fonid": 0,
    "conectividad": 2500,
    "adicionalExtendida": 94613,
    "mdm0_60": 234768,
    "mdm0_60Piso": 225274,
    "mdm70_120": 290908,
    "mdm70_120Piso": 279164,
    "salarioMinimo": 1017676,
    "salarioMinimoPiso": 822524,
    "salarioMinimoPisoJS": 324083,
    "valorUMAF": 571.9039861
  },
  "agosto 2024": {
    "puntoIndice": 139.4701,
    "dec483": 376634,
    "dec483Piso": 358738,
    "sumaFija": 60000,
    "adicionalEspecial": 77000,
    "fonid": 0,
    "conectividad": 0,
    "adicionalExtendida": 98247,
    "mdm0_60": 243784,
    "mdm0_60Piso": 233926,
    "mdm70_120": 302080,
    "mdm70_120Piso": 289884,
    "salarioMinimo": 1059716,
    "salarioMinimoPiso": 857066,
    "salarioMinimoPisoJS": 338007,
    "valorUMAF": 571.9039861
  },
  "septiembre 2024": {
    "puntoIndice": 143.3383,
    "dec483": 389728,
    "dec483Piso": 371334,
    "sumaFija": 60000,
    "adicionalEspecial": 77000,
    "fonid": 0,
    "conectividad": 0,
    "adicionalExtendida": 100972,
    "mdm0_60": 250546,
    "mdm0_60Piso": 240414,
    "mdm70_120": 310460,
    "mdm70_120Piso": 297924,
    "salarioMinimo": 1091240,
    "salarioMinimoPiso": 882973,
    "salarioMinimoPisoJS": 348450,
    "valorUMAF": 571.9039861
  },
  "octubre 2024": {
    "puntoIndice": 149.79,
    "dec483": 411550,
    "dec483Piso": 392328,
    "sumaFija": 60000,
    "adicionalEspecial": 77000,
    "fonid": 0,
    "conectividad": 0,
    "adicionalExtendida": 105514,
    "mdm0_60": 261816,
    "mdm0_60Piso": 251228,
    "mdm70_120": 324424,
    "mdm70_120Piso": 311324,
    "salarioMinimo": 1143786,
    "salarioMinimoPiso": 926151,
    "salarioMinimoPisoJS": 385854,
    "valorUMAF": 571.9039861
  },
  "noviembre 2024": {
    "puntoIndice": 153.66,
    "dec483": 435796,
    "dec483Piso": 416078,
    "sumaFija": 60000,
    "adicionalEspecial": 68000,
    "fonid": 0,
    "conectividad": 0,
    "adicionalExtendida": 108239,
    "mdm0_60": 268578,
    "mdm0_60Piso": 257716,
    "mdm70_120": 332804,
    "mdm70_120Piso": 319364,
    "salarioMinimo": 1184314,
    "salarioMinimoPiso": 961058,
    "salarioMinimoPisoJS": 380797,
    "valorUMAF": 571.9039861
  },
  "diciembre 2024": {
    "puntoIndice": 157.53,
    "dec483": 448890,
    "dec483Piso": 428674,
    "sumaFija": 60000,
    "adicionalEspecial": 68000,
    "fonid": 0,
    "conectividad": 0,
    "adicionalExtendida": 110964,
    "mdm0_60": 275340,
    "mdm0_60Piso": 264204,
    "mdm70_120": 341184,
    "mdm70_120Piso": 327404,
    "salarioMinimo": 1215842,
    "salarioMinimoPiso": 986643,
    "salarioMinimoPisoJS": 391240,
    "valorUMAF": 571.9039861
  },
  "enero 2025": {
    "puntoIndice": 157.53,
    "dec483": 448890,
    "dec483Piso": 428674,
    "sumaFija": 60000,
    "adicionalEspecial": 68000,
    "fonid": 0,
    "conectividad": 0,
    "adicionalExtendida": 110964,
    "mdm0_60": 275340,
    "mdm0_60Piso": 264204,
    "mdm70_120": 341184,
    "mdm70_120Piso": 327404,
    "salarioMinimo": 1215842,
    "salarioMinimoPiso": 986643,
    "salarioMinimoPisoJS": 391240,
    "valorUMAF": 698.6760554
  }
}